platform,name,price,url,imageUrl
Yahoo購物,【JBL】Wave Beam 真無線耳機(四色),1490.0,https://tw.buy.yahoo.com/gdsale/JBL-Wave-Beam-真無線耳機-四色-10527447.html,https://img.yec.tw/zp/MerchandiseImages/CB4BDFF428-SP-13629430.jpg
Yahoo購物,SONY WH-CH520 無線藍牙耳罩式耳機(公司貨保固12 個月),1490.0,https://tw.buy.yahoo.com/gdsale/SONY-WH-CH520-無線藍牙耳罩式耳機-公司貨保固12-個月-10636729.html,https://img.yec.tw/zp/MerchandiseImages/2EB4A9F3A3-SP-14288186.jpg
momo,【Norns】Garena傳說對決520片拼圖(Garena傳說對決520片拼圖),273.0,https://www.momoshop.com.tw/goods/GoodsDetail.jsp?i_code=13019354&Area=search&mdiv=403&oid=1_7&cid=index&kw=%E5%82%B3%E8%AA%AA%E5%B0%8D%E6%B1%BA,https://img4.momoshop.com.tw/goodsimg/0013/019/354/13019354_OL.jpg?t=1720242403
momo,【Saitak】多平台手機搖桿 手機拉伸手把 手機專用電競搖桿 絕區零 原神 崩壞 傳說對決,846.0,https://www.momoshop.com.tw/goods/GoodsDetail.jsp?i_code=14213087&Area=search&mdiv=403&oid=1_3&cid=index&kw=%E5%82%B3%E8%AA%AA%E5%B0%8D%E6%B1%BA,https://img4.momoshop.com.tw/goodsimg/0014/213/087/14213087_OL.jpg?t=1752457570
PChome,Garena 傳說對決 專用卡,2990.0,https://24h.pchome.com.tw/prod/DYCL1J-D900JNNAS,https://img.pchome.com.tw/cs/items/DYCL1JD900JNNAS/000001_1768804769.jpg
momo,THUX 極冰手機散熱器 磁吸散熱器 25W大功率 手機風扇 手機散熱 直播 電競(原神 傳說對決 吃雞 抖音熱銷),399.0, https://www.momoshop.com.tw/TP/TP0001673/goodsDetail/TP00016730001671,https://i6.momoshop.com.tw/1778194168/goodsimg/TP000/1673/0001/671/TP00016730001671_O_m.jpg
Yahoo購物,Garena傳說對決520片拼圖,390.0,https://tw.buy.yahoo.com/gdsale/Garena傳說對決520片拼圖-11074977.html,https://img.yec.tw/zp/MerchandiseImages/A69372139F-SP-16918889.jpg
momo,Cstar 手機專用半導體雙核5V/2A製冷散熱器K4銀 吃雞 傳說對決 散熱風扇 USB 冷卻,650.0, https://www.momoshop.com.tw/TP/TP0005914/goodsDetail/TP00059140000264,https://i5.momoshop.com.tw/1749532854/goodsimg/TP000/5914/0000/264/TP00059140000264_O_m.jpg
PChome,Garena傳說對決520片拼圖-拼圖 Garena 傳說對決 桌遊,390.0,https://24h.pchome.com.tw/prod/DGBJPX-B900HIFW4,https://img.pchome.com.tw/cs/items/DGBJPXB900HIFW4/000001_1716784780.jpg
